Load Combinations,0,1,2,3,4,5,6,7,8,9,10
Class A,4,2,2,2,2,2,2,0,0,0,0
70R Wheeled,0,1,1,1,0,0,0,2,1,1,0
70R Tracked,0,0,0,0,1,1,1,0,1,1,2
Eccentricity,1.75,0.897413793,3.21875,-0.581034483,-0.581034483,0.897413793,3.422413793,0.875,1.01,0.875,1.01
