Load Combinations,0,1,2,3,4,5,6,7,8,9,10
Class A,4.0,2.0,2.0,2.0,2.0,2.0,2.0,0.0,0.0,0.0,0.0
70R Wheeled,0.0,1.0,1.0,1.0,0.0,0.0,0.0,2.0,1.0,1.0,0.0
70R Tracked,0.0,0.0,0.0,0.0,1.0,1.0,1.0,0.0,1.0,1.0,2.0
Eccentricity,0.9500000000000002,0.4974137931034486,3.1204741379310343,-1.2827586206896537,3.3241379310344827,0.4974137931034486,-1.2827586206896537,0.875,1.0099999999999998,0.875,1.0099999999999998
