Load Combinations,0,1,2,3,4,5,6,7,8,9,10
Class A,4.0,2.0,2.0,2.0,2.0,2.0,2.0,0.0,0.0,0.0,0.0
70R Wheeled,0.0,1.0,1.0,1.0,0.0,0.0,0.0,2.0,1.0,1.0,0.0
70R Tracked,0.0,0.0,0.0,0.0,1.0,1.0,1.0,0.0,1.0,1.0,2.0
Eccentricity,-27.43333333333333,-8.49396551724138,-8.787499999999998,-7.972844827586204,-7.482112068965517,-6.476077586206896,-4.529956896551724,-1.9642857142857135,0.3392857142857144,-1.293571428571429,1.0099999999999998
