Load Combinations,0,1,2,3,4,5,6,7,8,9,10
Class A,4.0,2.0,2.0,2.0,2.0,2.0,2.0,0.0,0.0,0.0,0.0
70R Wheeled,0.0,1.0,1.0,1.0,0.0,0.0,0.0,2.0,1.0,1.0,0.0
70R Tracked,0.0,0.0,0.0,0.0,1.0,1.0,1.0,0.0,1.0,1.0,2.0
Eccentricity,1.75,0.897413793103448,-0.5810344827586214,3.21875,3.4224137931034484,0.897413793103448,-0.5810344827586214,0.875,0.875,1.0099999999999998,1.0099999999999998
