,Left,Right,Sum
Dead Load,9168.749999999998,9168.749999999998,18337.499999999996
Other Load,650.0,650.0,1300.0
Surface Load,792.0000000000001,792.0000000000001,1584.0000000000002
Pedestrian load,300.0,300.0,600.0
