,RL,RR,Sum
Dead Load,4584.375,4584.375,9168.75
Other Load,325.0,325.0,650.0
Surface Load,264.00000000000006,264.00000000000006,528.0000000000001
Pedestrian load,150.0,150.0,300.0
