,RL,RR,Sum
Dead Load,9791.250000000002,9791.250000000002,19582.500000000004
Other Load,325.0,325.0,650.0
Surface Load,214.5,214.5,429.0
Pedestrian load,150.0,150.0,300.0
