,RL,RR,Sum
Dead Load,7503.124999999999,7503.124999999999,15006.249999999998
Other Load,455.0,455.0,910.0
Surface Load,300.3,300.3,600.6
Pedestrian load,138.55273523920278,138.55273523920278,277.10547047840555
