,HFL,Linear Waterway,HFL after construction,LWW after construction,Cross Section Area
Values,1064.4187988945516,243.02095065135163,1064.4475204344287,200.00000000022038,1617.4765293202968
