,HFL_before,LWW_before,Area_before,HFL_after,LWW_after,Area_after
0,1064.554649044612,248.66966494997277,168.06540408196284,1064.550768838523,228.85350415004933,162.70220118973376
