,HFL_before,LWW_before,Area_before,HFL_after,LWW_after,Area_after
0,1063.7215076544499,70.5003673884279,20.17352583665849,1063.7215076544499,70.5003673884279,20.17352583665849
