,HFL,Linear Waterway,HFL after construction,LWW after construction
Values,1064.4182198246658,242.99229967413964,1064.4468738267826,200.00000000022013
