,RL,RR,Sum
class A,240.20159999999998,454.51440000000014,694.7160000000001
70RW,219.87599999999992,911.7240000000002,1131.6000000000001
70RT,344.816,349.366,694.182
