,RL,RR,sum
class A,199.10400000000007,292.4406666666666,491.54466666666667
70RW,480.41999999999985,436.46000000000004,916.8799999999999
70RT,341.8266666666667,348.4766666666667,690.3033333333334
