,Section at,Dead Load,Other Loads,Surface Loads,Pedestrian Load
0,0.0,0.0,0.0,0.0,0.0
1,6.25,25070.80078125,1777.34375,1173.046875,820.3125
2,12.5,42978.515625,3046.875,2010.9375,1406.25
3,18.75,53723.14453125,3808.59375,2513.671875,1757.8125
4,25.0,57304.6875,4062.5,2681.25,1875.0
5,31.25,53723.14453125,3808.59375,2513.671875,1757.8125
6,37.5,42978.515625,3046.875,2010.9375,1406.25
7,43.75,25070.80078125,1777.34375,1173.046875,820.3125
8,50.0,0.0,0.0,0.0,0.0
