,Section at,S+ PDL,S- PDL,S+ ODL,S- ODL,S+ PEDL,S- PEDL,S+ SIDL,S- SIDL
0,0.0,0.0,0.0,0.0,0.0,0.0,0.0,0.0,0.0
1,8.75,7620.04528859435,5007.479323714603,462.0902099205904,303.66055374129377,140.71178574012131,92.46813253869712,304.9795385475897,200.4159654692539
2,17.5,13062.934780447456,8584.250269225033,792.154645578155,520.5609492707893,241.22020412592227,158.51679863776647,522.8220660815823,343.570226518721
3,26.25,16328.668475559321,10730.312836531291,990.1933069726938,650.7011865884867,301.5252551574028,198.14599829720805,653.5275826019779,429.46278314840123
4,35.0,17417.246373929942,11445.667025633378,1056.2061941042066,694.0812656943858,321.62693883456296,211.35573151702195,697.0960881087764,458.0936353582946
5,43.75,16328.668475559321,10730.312836531291,990.1933069726938,650.7011865884867,301.5252551574028,198.14599829720805,653.5275826019779,429.46278314840123
6,52.5,13062.934780447456,8584.250269225033,792.154645578155,520.5609492707893,241.22020412592227,158.51679863776647,522.8220660815823,343.570226518721
7,61.25,7620.04528859435,5007.479323714603,462.0902099205904,303.66055374129377,140.71178574012131,92.46813253869712,304.9795385475897,200.4159654692539
8,70.0,0.0,0.0,0.0,0.0,0.0,0.0,0.0,0.0
