,Section at,S+ PDL,S- PDL,S+ ODL,S- ODL,S+ PEDL,S- PEDL,S+ SIDL,S- SIDL
0,0.0,0.0,0.0,0.0,0.0,0.0,0.0,0.0,0.0
1,6.25,4401.533420201723,2501.159349069035,328.1429933340352,186.4663600739639,151.45061230801625,86.06139695721411,216.5743756004632,123.06779764881618
2,12.5,7545.485863202953,4287.701741261203,562.5308457154889,319.65661726965243,259.6296210994565,147.5338233552242,371.2703581722227,210.97336739797058
3,18.75,9431.857329003691,5359.627176576504,703.1635571443612,399.5707715870655,324.53702637432053,184.41727919403024,464.0879477152784,263.7167092474632
4,25.0,10060.647817603936,5716.935655014937,750.041127620652,426.2088230262032,346.1728281326086,196.71176447363226,495.02714422963027,281.29782319729406
5,31.25,9431.857329003691,5359.627176576504,703.1635571443612,399.5707715870655,324.53702637432053,184.41727919403024,464.0879477152784,263.7167092474632
6,37.5,7545.485863202953,4287.701741261203,562.5308457154889,319.65661726965243,259.6296210994565,147.5338233552242,371.2703581722227,210.97336739797058
7,43.75,4401.533420201723,2501.159349069035,328.1429933340352,186.4663600739639,151.45061230801625,86.06139695721411,216.5743756004632,123.06779764881618
8,50.0,0.0,0.0,0.0,0.0,0.0,0.0,0.0,0.0
