,Section at,S+ PDL,S- PDL,S+ ODL,S- ODL,S+ PEDL,S- PEDL,S+ SIDL,S- SIDL
0,0.0,0.0,0.0,0.0,0.0,0.0,0.0,0.0,0.0
1,6.25,4469.741028424865,2586.6779023980607,333.22800498651327,192.84193680960453,153.7975407630061,89.0039708352021,219.93048329109874,127.275678294339
2,12.5,7662.413191585483,4434.304975539533,571.2480085483083,330.5861773878935,263.65292702229624,152.5782357174893,377.02368564188356,218.1868770760097
3,18.75,9578.016489481854,5542.881219424416,714.0600106853856,413.23272173486686,329.56615877787027,190.72279464686162,471.2796070523545,272.73359634501213
4,25.0,10216.550922113978,5912.406634052711,761.6640113977446,440.78156985052465,351.53723602972826,203.4376476233191,502.69824752251145,290.91583610134626
5,31.25,9578.016489481854,5542.881219424416,714.0600106853856,413.23272173486686,329.56615877787027,190.72279464686162,471.2796070523545,272.73359634501213
6,37.5,7662.413191585483,4434.304975539533,571.2480085483083,330.5861773878935,263.65292702229624,152.5782357174893,377.02368564188356,218.1868770760097
7,43.75,4469.741028424865,2586.6779023980607,333.22800498651327,192.84193680960453,153.7975407630061,89.0039708352021,219.93048329109874,127.275678294339
8,50.0,0.0,0.0,0.0,0.0,0.0,0.0,0.0,0.0
