,Section at,S+ PDL,S- PDL,S+ ODL,S- ODL,S+ PEDL,S- PEDL,S+ SIDL,S- SIDL
0,0.0,0.0,0.0,0.0,0.0,0.0,0.0,0.0,0.0
1,6.25,4566.226473182467,2215.440029890378,335.0176742229112,162.5437482247614,154.62354194903594,75.02019148835141,221.1116649871214,107.27887382834254
2,12.5,7827.816811169943,3797.8971940977904,574.316012953562,278.6464255281624,265.0689290554902,128.60604255145958,379.04856854935093,183.90664084858722
3,18.75,9784.771013962429,4747.371492622238,717.8950161919525,348.30803191020306,331.33616131936276,160.75755318932448,473.8107106866887,229.883301060734
4,25.0,10437.089081559925,5063.862925463721,765.7546839380827,371.52856737088325,353.4252387406535,171.4747234019461,505.3980913991346,245.20885446478295
5,31.25,9784.771013962429,4747.371492622238,717.8950161919525,348.30803191020306,331.33616131936276,160.75755318932448,473.8107106866887,229.883301060734
6,37.5,7827.816811169943,3797.8971940977904,574.316012953562,278.6464255281624,265.0689290554902,128.60604255145958,379.04856854935093,183.90664084858722
7,43.75,4566.226473182467,2215.440029890378,335.0176742229112,162.5437482247614,154.62354194903594,75.02019148835141,221.1116649871214,107.27887382834254
8,50.0,0.0,0.0,0.0,0.0,0.0,0.0,0.0,0.0
