,Section at,S+ PDL,S- PDL,S+ ODL,S- ODL,S+ PEDL,S- PEDL,S+ SIDL,S- SIDL
0,0.0,0.0,0.0,0.0,0.0,0.0,0.0,0.0,0.0
1,6.25,4324.403114579835,2070.231349265075,287.07897607321763,137.43397186490984,132.49798895686968,63.43106393765069,189.47212420832363,90.70642143084049
2,12.5,7413.262482136858,3548.968027311557,492.1353875540873,235.6010946255597,227.139409640348,108.73896675025834,324.8093557856976,155.49672245286942
3,18.75,9266.578102671076,4436.210034139447,615.1692344426091,294.5013682819496,283.92426205043495,135.9237084378229,406.01169473212207,194.37090306608678
4,25.0,9884.349976182479,4731.957369748742,656.1805167387831,314.13479283407963,302.85254618713066,144.98528900034444,433.07914104759686,207.32896327049255
5,31.25,9266.578102671076,4436.210034139447,615.1692344426091,294.5013682819496,283.92426205043495,135.9237084378229,406.01169473212207,194.37090306608678
6,37.5,7413.262482136858,3548.968027311557,492.1353875540873,235.6010946255597,227.139409640348,108.73896675025834,324.8093557856976,155.49672245286942
7,43.75,4324.403114579835,2070.231349265075,287.07897607321763,137.43397186490984,132.49798895686968,63.43106393765069,189.47212420832363,90.70642143084049
8,50.0,0.0,0.0,0.0,0.0,0.0,0.0,0.0,0.0
